{
  "parent": "minecraft:recipes/root",
  "criteria": {
    "has_item": {
      "conditions": {
        "items": [
          {
            "items": [
              "minecraft:map"
            ]
          }
        ]
      },
      "trigger": "minecraft:inventory_changed"
    },
    "has_the_recipe": {
      "conditions": {
        "recipe": "peacecraftgridmap:grid_map"
      },
      "trigger": "minecraft:recipe_unlocked"
    }
  },
  "requirements": [
    [
      "has_item",
      "has_the_recipe"
    ]
  ],
  "rewards": {
    "recipes": [
      "peacecraftgridmap:grid_map"
    ]
  },
  "sends_telemetry_event": false
}